image_path,label,label_idx
Images\Images\Group C\Argentina Players\Images_Enzo Fernández\Enzo Fernández15.jpg,Enzo Fernández,3
Images\Images\Group C\Argentina Players\Images_Nicolás Otamendi\Nicolás Otamendi20.jpg,Nicolás Otamendi,18
Images\Images\Group C\Argentina Players\Images_Rodrigo De Paul\Rodrigo De Paul20.jpg,Rodrigo De Paul,22
Images\Images\Group C\Argentina Players\Images_Julián Álvarez\Julián Álvarez27.jpg,Julián Álvarez,11
Images\Images\Group C\Argentina Players\Images_Papu Gómez\Papu Gómez25.jpg,Papu Gómez,20
Images\Images\Group C\Argentina Players\Images_Lionel Messi (captain)\Lionel Messi (captain)27.jpg,Lionel Messi (captain),14
Images\Images\Group C\Argentina Players\Images_Germán Pezzella\Germán Pezzella39.jpg,Germán Pezzella,6
Images\Images\Group C\Argentina Players\Images_Gonzalo Montiel\Gonzalo Montiel1.jpg,Gonzalo Montiel,8
Images\Images\Group C\Argentina Players\Images_Leandro Paredes\Leandro Paredes27.jpg,Leandro Paredes,13
Images\Images\Group C\Argentina Players\Images_Julián Álvarez\Julián Álvarez13.jpg,Julián Álvarez,11
Images\Images\Group C\Argentina Players\Images_Paulo Dybala\Paulo Dybala4.jpg,Paulo Dybala,21
Images\Images\Group C\Argentina Players\Images_Alexis Mac Allister\Alexis Mac Allister45.jpg,Alexis Mac Allister,0
Images\Images\Group C\Argentina Players\Images_Lautaro Martínez\Lautaro Martínez29.jpg,Lautaro Martínez,12
Images\Images\Group C\Argentina Players\Images_Alexis Mac Allister\Alexis Mac Allister4.jpg,Alexis Mac Allister,0
Images\Images\Group C\Argentina Players\Images_Marcos Acuña\Marcos Acuña28.jpg,Marcos Acuña,16
Images\Images\Group C\Argentina Players\Images_Franco Armani\Franco Armani36.jpg,Franco Armani,5
Images\Images\Group C\Argentina Players\Images_Ángel Correa\Ángel Correa7.jpg,Ángel Correa,24
Images\Images\Group C\Argentina Players\Images_Guido Rodríguez\Guido Rodríguez23.jpg,Guido Rodríguez,9
Images\Images\Group C\Argentina Players\Images_Nahuel Molina\Nahuel Molina28.jpg,Nahuel Molina,17
Images\Images\Group C\Argentina Players\Images_Rodrigo De Paul\Rodrigo De Paul24.jpg,Rodrigo De Paul,22
Images\Images\Group C\Argentina Players\Images_Lionel Messi (captain)\Lionel Messi (captain)14.jpg,Lionel Messi (captain),14
Images\Images\Group C\Argentina Players\Images_Lisandro Martínez\Lisandro Martínez33.jpg,Lisandro Martínez,15
Images\Images\Group C\Argentina Players\Images_Nicolás Otamendi\Nicolás Otamendi17.jpg,Nicolás Otamendi,18
Images\Images\Group C\Argentina Players\Images_Juan Foyth\Juan Foyth33.jpg,Juan Foyth,10
Images\Images\Group C\Argentina Players\Images_Ángel Di María\Ángel Di María10.jpg,Ángel Di María,25
Images\Images\Group C\Argentina Players\Images_Marcos Acuña\Marcos Acuña19.jpg,Marcos Acuña,16
Images\Images\Group C\Argentina Players\Images_Juan Foyth\Juan Foyth29.jpg,Juan Foyth,10
Images\Images\Group C\Argentina Players\Images_Nahuel Molina\Nahuel Molina36.jpg,Nahuel Molina,17
Images\Images\Group C\Argentina Players\Images_Franco Armani\Franco Armani21.jpg,Franco Armani,5
Images\Images\Group C\Argentina Players\Images_Emiliano Martínez\Emiliano Martínez8.jpg,Emiliano Martínez,2
Images\Images\Group C\Argentina Players\Images_Julián Álvarez\Julián Álvarez5.jpg,Julián Álvarez,11
Images\Images\Group C\Argentina Players\Images_Gonzalo Montiel\Gonzalo Montiel18.jpg,Gonzalo Montiel,8
Images\Images\Group C\Argentina Players\Images_Marcos Acuña\Marcos Acuña40.jpg,Marcos Acuña,16
Images\Images\Group C\Argentina Players\Images_Gonzalo Montiel\Gonzalo Montiel23.jpg,Gonzalo Montiel,8
Images\Images\Group C\Argentina Players\Images_Rodrigo De Paul\Rodrigo De Paul44.jpg,Rodrigo De Paul,22
Images\Images\Group C\Argentina Players\Images_Nahuel Molina\Nahuel Molina4.jpg,Nahuel Molina,17
Images\Images\Group C\Argentina Players\Images_Germán Pezzella\Germán Pezzella10.jpg,Germán Pezzella,6
Images\Images\Group C\Argentina Players\Images_Julián Álvarez\Julián Álvarez28.jpg,Julián Álvarez,11
Images\Images\Group C\Argentina Players\Images_Cristian Romero\Cristian Romero20.jpg,Cristian Romero,1
Images\Images\Group C\Argentina Players\Images_Nahuel Molina\Nahuel Molina23.jpg,Nahuel Molina,17
Images\Images\Group C\Argentina Players\Images_Nahuel Molina\Nahuel Molina14.jpg,Nahuel Molina,17
Images\Images\Group C\Argentina Players\Images_Germán Pezzella\Germán Pezzella26.jpg,Germán Pezzella,6
Images\Images\Group C\Argentina Players\Images_Thiago Almada\Thiago Almada25.jpg,Thiago Almada,23
Images\Images\Group C\Argentina Players\Images_Cristian Romero\Cristian Romero28.jpg,Cristian Romero,1
Images\Images\Group C\Argentina Players\Images_Papu Gómez\Papu Gómez37.jpg,Papu Gómez,20
Images\Images\Group C\Argentina Players\Images_Julián Álvarez\Julián Álvarez49.jpg,Julián Álvarez,11
Images\Images\Group C\Argentina Players\Images_Nicolás Otamendi\Nicolás Otamendi3.jpg,Nicolás Otamendi,18
Images\Images\Group C\Argentina Players\Images_Guido Rodríguez\Guido Rodríguez30.jpg,Guido Rodríguez,9
Images\Images\Group C\Argentina Players\Images_Juan Foyth\Juan Foyth5.jpg,Juan Foyth,10
Images\Images\Group C\Argentina Players\Images_Lionel Messi (captain)\Lionel Messi (captain)44.jpg,Lionel Messi (captain),14
Images\Images\Group C\Argentina Players\Images_Lautaro Martínez\Lautaro Martínez42.jpg,Lautaro Martínez,12
Images\Images\Group C\Argentina Players\Images_Gerónimo Rulli\Gerónimo Rulli12.jpg,Gerónimo Rulli,7
Images\Images\Group C\Argentina Players\Images_Nicolás Tagliafico\Nicolás Tagliafico29.jpg,Nicolás Tagliafico,19
Images\Images\Group C\Argentina Players\Images_Gerónimo Rulli\Gerónimo Rulli44.jpg,Gerónimo Rulli,7
Images\Images\Group C\Argentina Players\Images_Cristian Romero\Cristian Romero8.jpg,Cristian Romero,1
Images\Images\Group C\Argentina Players\Images_Ángel Correa\Ángel Correa25.jpg,Ángel Correa,24
Images\Images\Group C\Argentina Players\Images_Nicolás Otamendi\Nicolás Otamendi29.jpg,Nicolás Otamendi,18
Images\Images\Group C\Argentina Players\Images_Nicolás Tagliafico\Nicolás Tagliafico3.jpg,Nicolás Tagliafico,19
Images\Images\Group C\Argentina Players\Images_Emiliano Martínez\Emiliano Martínez49.jpg,Emiliano Martínez,2
Images\Images\Group C\Argentina Players\Images_Paulo Dybala\Paulo Dybala24.jpg,Paulo Dybala,21
Images\Images\Group C\Argentina Players\Images_Leandro Paredes\Leandro Paredes17.jpg,Leandro Paredes,13
Images\Images\Group C\Argentina Players\Images_Gerónimo Rulli\Gerónimo Rulli6.jpg,Gerónimo Rulli,7
Images\Images\Group C\Argentina Players\Images_Nicolás Tagliafico\Nicolás Tagliafico10.jpg,Nicolás Tagliafico,19
Images\Images\Group C\Argentina Players\Images_Cristian Romero\Cristian Romero44.jpg,Cristian Romero,1
Images\Images\Group C\Argentina Players\Images_Franco Armani\Franco Armani3.jpg,Franco Armani,5
Images\Images\Group C\Argentina Players\Images_Cristian Romero\Cristian Romero23.jpg,Cristian Romero,1
Images\Images\Group C\Argentina Players\Images_Lisandro Martínez\Lisandro Martínez44.jpg,Lisandro Martínez,15
Images\Images\Group C\Argentina Players\Images_Ángel Di María\Ángel Di María4.jpg,Ángel Di María,25
Images\Images\Group C\Argentina Players\Images_Leandro Paredes\Leandro Paredes12.jpg,Leandro Paredes,13
Images\Images\Group C\Argentina Players\Images_Guido Rodríguez\Guido Rodríguez18.jpg,Guido Rodríguez,9
Images\Images\Group C\Argentina Players\Images_Emiliano Martínez\Emiliano Martínez42.jpg,Emiliano Martínez,2
Images\Images\Group C\Argentina Players\Images_Leandro Paredes\Leandro Paredes11.jpg,Leandro Paredes,13
Images\Images\Group C\Argentina Players\Images_Rodrigo De Paul\Rodrigo De Paul13.jpg,Rodrigo De Paul,22
Images\Images\Group C\Argentina Players\Images_Gerónimo Rulli\Gerónimo Rulli5.jpg,Gerónimo Rulli,7
Images\Images\Group C\Argentina Players\Images_Ángel Di María\Ángel Di María50.jpg,Ángel Di María,25
Images\Images\Group C\Argentina Players\Images_Cristian Romero\Cristian Romero30.jpg,Cristian Romero,1
Images\Images\Group C\Argentina Players\Images_Thiago Almada\Thiago Almada3.jpg,Thiago Almada,23
Images\Images\Group C\Argentina Players\Images_Enzo Fernández\Enzo Fernández35.jpg,Enzo Fernández,3
Images\Images\Group C\Argentina Players\Images_Emiliano Martínez\Emiliano Martínez36.jpg,Emiliano Martínez,2
Images\Images\Group C\Argentina Players\Images_Rodrigo De Paul\Rodrigo De Paul33.jpg,Rodrigo De Paul,22
Images\Images\Group C\Argentina Players\Images_Emiliano Martínez\Emiliano Martínez47.jpg,Emiliano Martínez,2
Images\Images\Group C\Argentina Players\Images_Nicolás Otamendi\Nicolás Otamendi24.jpg,Nicolás Otamendi,18
Images\Images\Group C\Argentina Players\Images_Cristian Romero\Cristian Romero48.jpg,Cristian Romero,1
Images\Images\Group C\Argentina Players\Images_Enzo Fernández\Enzo Fernández3.jpg,Enzo Fernández,3
Images\Images\Group C\Argentina Players\Images_Nicolás Tagliafico\Nicolás Tagliafico45.jpg,Nicolás Tagliafico,19
Images\Images\Group C\Argentina Players\Images_Cristian Romero\Cristian Romero43.jpg,Cristian Romero,1
Images\Images\Group C\Argentina Players\Images_Enzo Fernández\Enzo Fernández26.jpg,Enzo Fernández,3
Images\Images\Group C\Argentina Players\Images_Papu Gómez\Papu Gómez24.jpg,Papu Gómez,20
Images\Images\Group C\Argentina Players\Images_Lautaro Martínez\Lautaro Martínez40.jpg,Lautaro Martínez,12
Images\Images\Group C\Argentina Players\Images_Exequiel Palacios\Exequiel Palacios29.jpg,Exequiel Palacios,4
Images\Images\Group C\Argentina Players\Images_Leandro Paredes\Leandro Paredes26.jpg,Leandro Paredes,13
Images\Images\Group C\Argentina Players\Images_Rodrigo De Paul\Rodrigo De Paul7.jpg,Rodrigo De Paul,22
Images\Images\Group C\Argentina Players\Images_Lisandro Martínez\Lisandro Martínez34.jpg,Lisandro Martínez,15
Images\Images\Group C\Argentina Players\Images_Nicolás Otamendi\Nicolás Otamendi49.jpg,Nicolás Otamendi,18
Images\Images\Group C\Argentina Players\Images_Exequiel Palacios\Exequiel Palacios10.jpg,Exequiel Palacios,4
Images\Images\Group C\Argentina Players\Images_Nicolás Tagliafico\Nicolás Tagliafico4.jpg,Nicolás Tagliafico,19
Images\Images\Group C\Argentina Players\Images_Lionel Messi (captain)\Lionel Messi (captain)10.jpg,Lionel Messi (captain),14
Images\Images\Group C\Argentina Players\Images_Nahuel Molina\Nahuel Molina6.jpg,Nahuel Molina,17
Images\Images\Group C\Argentina Players\Images_Paulo Dybala\Paulo Dybala47.jpg,Paulo Dybala,21
Images\Images\Group C\Argentina Players\Images_Gonzalo Montiel\Gonzalo Montiel50.jpg,Gonzalo Montiel,8
Images\Images\Group C\Argentina Players\Images_Guido Rodríguez\Guido Rodríguez7.jpg,Guido Rodríguez,9
Images\Images\Group C\Argentina Players\Images_Nicolás Tagliafico\Nicolás Tagliafico42.jpg,Nicolás Tagliafico,19
Images\Images\Group C\Argentina Players\Images_Nicolás Otamendi\Nicolás Otamendi13.jpg,Nicolás Otamendi,18
Images\Images\Group C\Argentina Players\Images_Emiliano Martínez\Emiliano Martínez33.jpg,Emiliano Martínez,2
Images\Images\Group C\Argentina Players\Images_Guido Rodríguez\Guido Rodríguez11.jpg,Guido Rodríguez,9
Images\Images\Group C\Argentina Players\Images_Guido Rodríguez\Guido Rodríguez24.jpg,Guido Rodríguez,9
Images\Images\Group C\Argentina Players\Images_Julián Álvarez\Julián Álvarez20.jpg,Julián Álvarez,11
Images\Images\Group C\Argentina Players\Images_Leandro Paredes\Leandro Paredes36.jpg,Leandro Paredes,13
Images\Images\Group C\Argentina Players\Images_Marcos Acuña\Marcos Acuña33.jpg,Marcos Acuña,16
Images\Images\Group C\Argentina Players\Images_Nicolás Tagliafico\Nicolás Tagliafico26.jpg,Nicolás Tagliafico,19
Images\Images\Group C\Argentina Players\Images_Juan Foyth\Juan Foyth8.jpg,Juan Foyth,10
Images\Images\Group C\Argentina Players\Images_Lautaro Martínez\Lautaro Martínez6.jpg,Lautaro Martínez,12
Images\Images\Group C\Argentina Players\Images_Ángel Correa\Ángel Correa39.jpg,Ángel Correa,24
Images\Images\Group C\Argentina Players\Images_Julián Álvarez\Julián Álvarez47.jpg,Julián Álvarez,11
Images\Images\Group C\Argentina Players\Images_Lionel Messi (captain)\Lionel Messi (captain)19.jpg,Lionel Messi (captain),14
Images\Images\Group C\Argentina Players\Images_Nicolás Tagliafico\Nicolás Tagliafico32.jpg,Nicolás Tagliafico,19
Images\Images\Group C\Argentina Players\Images_Franco Armani\Franco Armani13.jpg,Franco Armani,5
Images\Images\Group C\Argentina Players\Images_Lautaro Martínez\Lautaro Martínez49.jpg,Lautaro Martínez,12
Images\Images\Group C\Argentina Players\Images_Thiago Almada\Thiago Almada45.jpg,Thiago Almada,23
Images\Images\Group C\Argentina Players\Images_Ángel Di María\Ángel Di María17.jpg,Ángel Di María,25
Images\Images\Group C\Argentina Players\Images_Leandro Paredes\Leandro Paredes7.jpg,Leandro Paredes,13
Images\Images\Group C\Argentina Players\Images_Emiliano Martínez\Emiliano Martínez14.jpg,Emiliano Martínez,2
Images\Images\Group C\Argentina Players\Images_Cristian Romero\Cristian Romero47.jpg,Cristian Romero,1
Images\Images\Group C\Argentina Players\Images_Rodrigo De Paul\Rodrigo De Paul11.jpg,Rodrigo De Paul,22
Images\Images\Group C\Argentina Players\Images_Gerónimo Rulli\Gerónimo Rulli1.jpg,Gerónimo Rulli,7
Images\Images\Group C\Argentina Players\Images_Marcos Acuña\Marcos Acuña2.jpg,Marcos Acuña,16
Images\Images\Group C\Argentina Players\Images_Lionel Messi (captain)\Lionel Messi (captain)32.jpg,Lionel Messi (captain),14
Images\Images\Group C\Argentina Players\Images_Leandro Paredes\Leandro Paredes10.jpg,Leandro Paredes,13
Images\Images\Group C\Argentina Players\Images_Marcos Acuña\Marcos Acuña17.jpg,Marcos Acuña,16
Images\Images\Group C\Argentina Players\Images_Exequiel Palacios\Exequiel Palacios26.jpg,Exequiel Palacios,4
Images\Images\Group C\Argentina Players\Images_Papu Gómez\Papu Gómez34.jpg,Papu Gómez,20
Images\Images\Group C\Argentina Players\Images_Juan Foyth\Juan Foyth7.jpg,Juan Foyth,10
Images\Images\Group C\Argentina Players\Images_Nicolás Tagliafico\Nicolás Tagliafico28.jpg,Nicolás Tagliafico,19
Images\Images\Group C\Argentina Players\Images_Ángel Correa\Ángel Correa4.jpg,Ángel Correa,24
Images\Images\Group C\Argentina Players\Images_Alexis Mac Allister\Alexis Mac Allister49.jpg,Alexis Mac Allister,0
Images\Images\Group C\Argentina Players\Images_Alexis Mac Allister\Alexis Mac Allister17.jpg,Alexis Mac Allister,0
Images\Images\Group C\Argentina Players\Images_Marcos Acuña\Marcos Acuña20.jpg,Marcos Acuña,16
Images\Images\Group C\Argentina Players\Images_Nicolás Tagliafico\Nicolás Tagliafico44.jpg,Nicolás Tagliafico,19
Images\Images\Group C\Argentina Players\Images_Julián Álvarez\Julián Álvarez23.jpg,Julián Álvarez,11
Images\Images\Group C\Argentina Players\Images_Exequiel Palacios\Exequiel Palacios30.jpg,Exequiel Palacios,4
Images\Images\Group C\Argentina Players\Images_Enzo Fernández\Enzo Fernández50.jpg,Enzo Fernández,3
Images\Images\Group C\Argentina Players\Images_Exequiel Palacios\Exequiel Palacios3.jpg,Exequiel Palacios,4
Images\Images\Group C\Argentina Players\Images_Lautaro Martínez\Lautaro Martínez23.jpg,Lautaro Martínez,12
Images\Images\Group C\Argentina Players\Images_Nicolás Otamendi\Nicolás Otamendi18.jpg,Nicolás Otamendi,18
Images\Images\Group C\Argentina Players\Images_Paulo Dybala\Paulo Dybala33.jpg,Paulo Dybala,21
Images\Images\Group C\Argentina Players\Images_Lisandro Martínez\Lisandro Martínez21.jpg,Lisandro Martínez,15
Images\Images\Group C\Argentina Players\Images_Guido Rodríguez\Guido Rodríguez25.jpg,Guido Rodríguez,9
Images\Images\Group C\Argentina Players\Images_Guido Rodríguez\Guido Rodríguez32.jpg,Guido Rodríguez,9
Images\Images\Group C\Argentina Players\Images_Paulo Dybala\Paulo Dybala42.jpg,Paulo Dybala,21
Images\Images\Group C\Argentina Players\Images_Emiliano Martínez\Emiliano Martínez28.jpg,Emiliano Martínez,2
Images\Images\Group C\Argentina Players\Images_Enzo Fernández\Enzo Fernández44.jpg,Enzo Fernández,3
Images\Images\Group C\Argentina Players\Images_Guido Rodríguez\Guido Rodríguez41.jpg,Guido Rodríguez,9
Images\Images\Group C\Argentina Players\Images_Leandro Paredes\Leandro Paredes40.jpg,Leandro Paredes,13
Images\Images\Group C\Argentina Players\Images_Rodrigo De Paul\Rodrigo De Paul49.jpg,Rodrigo De Paul,22
Images\Images\Group C\Argentina Players\Images_Papu Gómez\Papu Gómez11.jpg,Papu Gómez,20
Images\Images\Group C\Argentina Players\Images_Papu Gómez\Papu Gómez42.jpg,Papu Gómez,20
Images\Images\Group C\Argentina Players\Images_Nahuel Molina\Nahuel Molina17.jpg,Nahuel Molina,17
Images\Images\Group C\Argentina Players\Images_Franco Armani\Franco Armani16.jpg,Franco Armani,5
Images\Images\Group C\Argentina Players\Images_Nahuel Molina\Nahuel Molina21.jpg,Nahuel Molina,17
Images\Images\Group C\Argentina Players\Images_Nahuel Molina\Nahuel Molina3.jpg,Nahuel Molina,17
Images\Images\Group C\Argentina Players\Images_Franco Armani\Franco Armani5.jpg,Franco Armani,5
Images\Images\Group C\Argentina Players\Images_Nahuel Molina\Nahuel Molina32.jpg,Nahuel Molina,17
Images\Images\Group C\Argentina Players\Images_Julián Álvarez\Julián Álvarez30.jpg,Julián Álvarez,11
Images\Images\Group C\Argentina Players\Images_Ángel Di María\Ángel Di María2.jpg,Ángel Di María,25
Images\Images\Group C\Argentina Players\Images_Marcos Acuña\Marcos Acuña36.jpg,Marcos Acuña,16
Images\Images\Group C\Argentina Players\Images_Rodrigo De Paul\Rodrigo De Paul48.jpg,Rodrigo De Paul,22
Images\Images\Group C\Argentina Players\Images_Ángel Correa\Ángel Correa50.jpg,Ángel Correa,24
Images\Images\Group C\Argentina Players\Images_Leandro Paredes\Leandro Paredes4.jpg,Leandro Paredes,13
Images\Images\Group C\Argentina Players\Images_Ángel Correa\Ángel Correa9.jpg,Ángel Correa,24
Images\Images\Group C\Argentina Players\Images_Emiliano Martínez\Emiliano Martínez20.jpg,Emiliano Martínez,2
Images\Images\Group C\Argentina Players\Images_Leandro Paredes\Leandro Paredes15.jpg,Leandro Paredes,13
Images\Images\Group C\Argentina Players\Images_Papu Gómez\Papu Gómez44.jpg,Papu Gómez,20
Images\Images\Group C\Argentina Players\Images_Franco Armani\Franco Armani12.jpg,Franco Armani,5
Images\Images\Group C\Argentina Players\Images_Leandro Paredes\Leandro Paredes37.jpg,Leandro Paredes,13
Images\Images\Group C\Argentina Players\Images_Alexis Mac Allister\Alexis Mac Allister39.jpg,Alexis Mac Allister,0
Images\Images\Group C\Argentina Players\Images_Emiliano Martínez\Emiliano Martínez40.jpg,Emiliano Martínez,2
Images\Images\Group C\Argentina Players\Images_Rodrigo De Paul\Rodrigo De Paul29.jpg,Rodrigo De Paul,22
Images\Images\Group C\Argentina Players\Images_Papu Gómez\Papu Gómez10.jpg,Papu Gómez,20
Images\Images\Group C\Argentina Players\Images_Leandro Paredes\Leandro Paredes30.jpg,Leandro Paredes,13
Images\Images\Group C\Argentina Players\Images_Gonzalo Montiel\Gonzalo Montiel10.jpg,Gonzalo Montiel,8
Images\Images\Group C\Argentina Players\Images_Ángel Di María\Ángel Di María18.jpg,Ángel Di María,25
Images\Images\Group C\Argentina Players\Images_Alexis Mac Allister\Alexis Mac Allister12.jpg,Alexis Mac Allister,0
Images\Images\Group C\Argentina Players\Images_Franco Armani\Franco Armani22.jpg,Franco Armani,5
Images\Images\Group C\Argentina Players\Images_Gerónimo Rulli\Gerónimo Rulli37.jpg,Gerónimo Rulli,7
Images\Images\Group C\Argentina Players\Images_Gonzalo Montiel\Gonzalo Montiel34.jpg,Gonzalo Montiel,8
Images\Images\Group C\Argentina Players\Images_Gerónimo Rulli\Gerónimo Rulli16.jpg,Gerónimo Rulli,7
Images\Images\Group C\Argentina Players\Images_Emiliano Martínez\Emiliano Martínez46.jpg,Emiliano Martínez,2
Images\Images\Group C\Argentina Players\Images_Nicolás Tagliafico\Nicolás Tagliafico25.jpg,Nicolás Tagliafico,19
Images\Images\Group C\Argentina Players\Images_Nicolás Otamendi\Nicolás Otamendi32.jpg,Nicolás Otamendi,18
Images\Images\Group C\Argentina Players\Images_Juan Foyth\Juan Foyth10.jpg,Juan Foyth,10
Images\Images\Group C\Argentina Players\Images_Franco Armani\Franco Armani19.jpg,Franco Armani,5
Images\Images\Group C\Argentina Players\Images_Paulo Dybala\Paulo Dybala27.jpg,Paulo Dybala,21
Images\Images\Group C\Argentina Players\Images_Germán Pezzella\Germán Pezzella24.jpg,Germán Pezzella,6
Images\Images\Group C\Argentina Players\Images_Nicolás Tagliafico\Nicolás Tagliafico19.jpg,Nicolás Tagliafico,19
Images\Images\Group C\Argentina Players\Images_Gonzalo Montiel\Gonzalo Montiel32.jpg,Gonzalo Montiel,8
Images\Images\Group C\Argentina Players\Images_Alexis Mac Allister\Alexis Mac Allister46.jpg,Alexis Mac Allister,0
Images\Images\Group C\Argentina Players\Images_Lisandro Martínez\Lisandro Martínez12.jpg,Lisandro Martínez,15
Images\Images\Group C\Argentina Players\Images_Lionel Messi (captain)\Lionel Messi (captain)25.jpg,Lionel Messi (captain),14
Images\Images\Group C\Argentina Players\Images_Gonzalo Montiel\Gonzalo Montiel39.jpg,Gonzalo Montiel,8
Images\Images\Group C\Argentina Players\Images_Nicolás Otamendi\Nicolás Otamendi25.jpg,Nicolás Otamendi,18
Images\Images\Group C\Argentina Players\Images_Papu Gómez\Papu Gómez3.jpg,Papu Gómez,20
Images\Images\Group C\Argentina Players\Images_Franco Armani\Franco Armani17.jpg,Franco Armani,5
Images\Images\Group C\Argentina Players\Images_Gonzalo Montiel\Gonzalo Montiel8.jpg,Gonzalo Montiel,8
Images\Images\Group C\Argentina Players\Images_Gerónimo Rulli\Gerónimo Rulli39.jpg,Gerónimo Rulli,7
Images\Images\Group C\Argentina Players\Images_Nicolás Tagliafico\Nicolás Tagliafico15.jpg,Nicolás Tagliafico,19
Images\Images\Group C\Argentina Players\Images_Nahuel Molina\Nahuel Molina47.jpg,Nahuel Molina,17
Images\Images\Group C\Argentina Players\Images_Papu Gómez\Papu Gómez49.jpg,Papu Gómez,20
Images\Images\Group C\Argentina Players\Images_Lionel Messi (captain)\Lionel Messi (captain)7.jpg,Lionel Messi (captain),14
Images\Images\Group C\Argentina Players\Images_Enzo Fernández\Enzo Fernández32.jpg,Enzo Fernández,3
Images\Images\Group C\Argentina Players\Images_Lionel Messi (captain)\Lionel Messi (captain)49.jpg,Lionel Messi (captain),14
Images\Images\Group C\Argentina Players\Images_Ángel Di María\Ángel Di María29.jpg,Ángel Di María,25
Images\Images\Group C\Argentina Players\Images_Thiago Almada\Thiago Almada11.jpg,Thiago Almada,23
Images\Images\Group C\Argentina Players\Images_Julián Álvarez\Julián Álvarez32.jpg,Julián Álvarez,11
Images\Images\Group C\Argentina Players\Images_Lisandro Martínez\Lisandro Martínez37.jpg,Lisandro Martínez,15
Images\Images\Group C\Argentina Players\Images_Lautaro Martínez\Lautaro Martínez44.jpg,Lautaro Martínez,12
Images\Images\Group C\Argentina Players\Images_Gerónimo Rulli\Gerónimo Rulli30.jpg,Gerónimo Rulli,7
Images\Images\Group C\Argentina Players\Images_Leandro Paredes\Leandro Paredes25.jpg,Leandro Paredes,13
Images\Images\Group C\Argentina Players\Images_Gerónimo Rulli\Gerónimo Rulli9.jpg,Gerónimo Rulli,7
Images\Images\Group C\Argentina Players\Images_Cristian Romero\Cristian Romero49.jpg,Cristian Romero,1
Images\Images\Group C\Argentina Players\Images_Thiago Almada\Thiago Almada43.jpg,Thiago Almada,23
Images\Images\Group C\Argentina Players\Images_Lautaro Martínez\Lautaro Martínez5.jpg,Lautaro Martínez,12
Images\Images\Group C\Argentina Players\Images_Cristian Romero\Cristian Romero34.jpg,Cristian Romero,1
Images\Images\Group C\Argentina Players\Images_Rodrigo De Paul\Rodrigo De Paul26.jpg,Rodrigo De Paul,22
Images\Images\Group C\Argentina Players\Images_Lisandro Martínez\Lisandro Martínez32.jpg,Lisandro Martínez,15
Images\Images\Group C\Argentina Players\Images_Nicolás Tagliafico\Nicolás Tagliafico22.jpg,Nicolás Tagliafico,19
Images\Images\Group C\Argentina Players\Images_Thiago Almada\Thiago Almada16.jpg,Thiago Almada,23
Images\Images\Group C\Argentina Players\Images_Juan Foyth\Juan Foyth19.jpg,Juan Foyth,10
Images\Images\Group C\Argentina Players\Images_Julián Álvarez\Julián Álvarez17.jpg,Julián Álvarez,11
Images\Images\Group C\Argentina Players\Images_Exequiel Palacios\Exequiel Palacios27.jpg,Exequiel Palacios,4
Images\Images\Group C\Argentina Players\Images_Lautaro Martínez\Lautaro Martínez50.jpg,Lautaro Martínez,12
Images\Images\Group C\Argentina Players\Images_Lionel Messi (captain)\Lionel Messi (captain)45.jpg,Lionel Messi (captain),14
Images\Images\Group C\Argentina Players\Images_Rodrigo De Paul\Rodrigo De Paul14.jpg,Rodrigo De Paul,22
Images\Images\Group C\Argentina Players\Images_Germán Pezzella\Germán Pezzella27.jpg,Germán Pezzella,6
Images\Images\Group C\Argentina Players\Images_Exequiel Palacios\Exequiel Palacios17.jpg,Exequiel Palacios,4
Images\Images\Group C\Argentina Players\Images_Nicolás Otamendi\Nicolás Otamendi35.jpg,Nicolás Otamendi,18
Images\Images\Group C\Argentina Players\Images_Nahuel Molina\Nahuel Molina22.jpg,Nahuel Molina,17
Images\Images\Group C\Argentina Players\Images_Marcos Acuña\Marcos Acuña25.jpg,Marcos Acuña,16
Images\Images\Group C\Argentina Players\Images_Guido Rodríguez\Guido Rodríguez3.jpg,Guido Rodríguez,9
Images\Images\Group C\Argentina Players\Images_Nicolás Otamendi\Nicolás Otamendi11.jpg,Nicolás Otamendi,18
Images\Images\Group C\Argentina Players\Images_Juan Foyth\Juan Foyth37.jpg,Juan Foyth,10
Images\Images\Group C\Argentina Players\Images_Enzo Fernández\Enzo Fernández19.jpg,Enzo Fernández,3
Images\Images\Group C\Argentina Players\Images_Gerónimo Rulli\Gerónimo Rulli19.jpg,Gerónimo Rulli,7
Images\Images\Group C\Argentina Players\Images_Lisandro Martínez\Lisandro Martínez31.jpg,Lisandro Martínez,15
Images\Images\Group C\Argentina Players\Images_Paulo Dybala\Paulo Dybala22.jpg,Paulo Dybala,21
Images\Images\Group C\Argentina Players\Images_Nahuel Molina\Nahuel Molina15.jpg,Nahuel Molina,17
Images\Images\Group C\Argentina Players\Images_Lisandro Martínez\Lisandro Martínez30.jpg,Lisandro Martínez,15
Images\Images\Group C\Argentina Players\Images_Enzo Fernández\Enzo Fernández25.jpg,Enzo Fernández,3
Images\Images\Group C\Argentina Players\Images_Lisandro Martínez\Lisandro Martínez18.jpg,Lisandro Martínez,15
Images\Images\Group C\Argentina Players\Images_Franco Armani\Franco Armani46.jpg,Franco Armani,5
Images\Images\Group C\Argentina Players\Images_Lautaro Martínez\Lautaro Martínez4.jpg,Lautaro Martínez,12
Images\Images\Group C\Argentina Players\Images_Enzo Fernández\Enzo Fernández39.jpg,Enzo Fernández,3
Images\Images\Group C\Argentina Players\Images_Gonzalo Montiel\Gonzalo Montiel33.jpg,Gonzalo Montiel,8
Images\Images\Group C\Argentina Players\Images_Juan Foyth\Juan Foyth24.jpg,Juan Foyth,10
Images\Images\Group C\Argentina Players\Images_Nahuel Molina\Nahuel Molina41.jpg,Nahuel Molina,17
Images\Images\Group C\Argentina Players\Images_Ángel Di María\Ángel Di María32.jpg,Ángel Di María,25
Images\Images\Group C\Argentina Players\Images_Gonzalo Montiel\Gonzalo Montiel15.jpg,Gonzalo Montiel,8
Images\Images\Group C\Argentina Players\Images_Alexis Mac Allister\Alexis Mac Allister22.jpg,Alexis Mac Allister,0
Images\Images\Group C\Argentina Players\Images_Thiago Almada\Thiago Almada46.jpg,Thiago Almada,23
Images\Images\Group C\Argentina Players\Images_Cristian Romero\Cristian Romero36.jpg,Cristian Romero,1
Images\Images\Group C\Argentina Players\Images_Nicolás Otamendi\Nicolás Otamendi16.jpg,Nicolás Otamendi,18
Images\Images\Group C\Argentina Players\Images_Ángel Di María\Ángel Di María48.jpg,Ángel Di María,25
Images\Images\Group C\Argentina Players\Images_Ángel Di María\Ángel Di María9.jpg,Ángel Di María,25
Images\Images\Group C\Argentina Players\Images_Marcos Acuña\Marcos Acuña47.jpg,Marcos Acuña,16
Images\Images\Group C\Argentina Players\Images_Gonzalo Montiel\Gonzalo Montiel3.jpg,Gonzalo Montiel,8
Images\Images\Group C\Argentina Players\Images_Ángel Correa\Ángel Correa6.jpg,Ángel Correa,24
Images\Images\Group C\Argentina Players\Images_Lionel Messi (captain)\Lionel Messi (captain)46.jpg,Lionel Messi (captain),14
Images\Images\Group C\Argentina Players\Images_Lisandro Martínez\Lisandro Martínez50.jpg,Lisandro Martínez,15
Images\Images\Group C\Argentina Players\Images_Papu Gómez\Papu Gómez4.jpg,Papu Gómez,20
Images\Images\Group C\Argentina Players\Images_Nahuel Molina\Nahuel Molina13.jpg,Nahuel Molina,17
Images\Images\Group C\Argentina Players\Images_Thiago Almada\Thiago Almada49.jpg,Thiago Almada,23
Images\Images\Group C\Argentina Players\Images_Enzo Fernández\Enzo Fernández17.jpg,Enzo Fernández,3
Images\Images\Group C\Argentina Players\Images_Marcos Acuña\Marcos Acuña8.jpg,Marcos Acuña,16
Images\Images\Group C\Argentina Players\Images_Emiliano Martínez\Emiliano Martínez7.jpg,Emiliano Martínez,2
Images\Images\Group C\Argentina Players\Images_Nahuel Molina\Nahuel Molina38.jpg,Nahuel Molina,17
Images\Images\Group C\Argentina Players\Images_Cristian Romero\Cristian Romero2.jpg,Cristian Romero,1
Images\Images\Group C\Argentina Players\Images_Exequiel Palacios\Exequiel Palacios22.jpg,Exequiel Palacios,4
Images\Images\Group C\Argentina Players\Images_Julián Álvarez\Julián Álvarez21.jpg,Julián Álvarez,11
Images\Images\Group C\Argentina Players\Images_Alexis Mac Allister\Alexis Mac Allister40.jpg,Alexis Mac Allister,0
Images\Images\Group C\Argentina Players\Images_Exequiel Palacios\Exequiel Palacios39.jpg,Exequiel Palacios,4
Images\Images\Group C\Argentina Players\Images_Gerónimo Rulli\Gerónimo Rulli22.jpg,Gerónimo Rulli,7
Images\Images\Group C\Argentina Players\Images_Exequiel Palacios\Exequiel Palacios49.jpg,Exequiel Palacios,4
Images\Images\Group C\Argentina Players\Images_Nicolás Otamendi\Nicolás Otamendi7.jpg,Nicolás Otamendi,18
Images\Images\Group C\Argentina Players\Images_Nicolás Tagliafico\Nicolás Tagliafico17.jpg,Nicolás Tagliafico,19
Images\Images\Group C\Argentina Players\Images_Ángel Correa\Ángel Correa26.jpg,Ángel Correa,24
Images\Images\Group C\Argentina Players\Images_Paulo Dybala\Paulo Dybala43.jpg,Paulo Dybala,21
Images\Images\Group C\Argentina Players\Images_Lionel Messi (captain)\Lionel Messi (captain)40.jpg,Lionel Messi (captain),14
Images\Images\Group C\Argentina Players\Images_Ángel Di María\Ángel Di María33.jpg,Ángel Di María,25
Images\Images\Group C\Argentina Players\Images_Emiliano Martínez\Emiliano Martínez10.jpg,Emiliano Martínez,2
Images\Images\Group C\Argentina Players\Images_Gonzalo Montiel\Gonzalo Montiel17.jpg,Gonzalo Montiel,8
Images\Images\Group C\Argentina Players\Images_Franco Armani\Franco Armani25.jpg,Franco Armani,5
Images\Images\Group C\Argentina Players\Images_Ángel Di María\Ángel Di María47.jpg,Ángel Di María,25
Images\Images\Group C\Argentina Players\Images_Rodrigo De Paul\Rodrigo De Paul8.jpg,Rodrigo De Paul,22
Images\Images\Group C\Argentina Players\Images_Enzo Fernández\Enzo Fernández37.jpg,Enzo Fernández,3
Images\Images\Group C\Argentina Players\Images_Papu Gómez\Papu Gómez16.jpg,Papu Gómez,20
Images\Images\Group C\Argentina Players\Images_Nicolás Otamendi\Nicolás Otamendi48.jpg,Nicolás Otamendi,18
Images\Images\Group C\Argentina Players\Images_Paulo Dybala\Paulo Dybala25.jpg,Paulo Dybala,21
Images\Images\Group C\Argentina Players\Images_Leandro Paredes\Leandro Paredes5.jpg,Leandro Paredes,13
Images\Images\Group C\Argentina Players\Images_Papu Gómez\Papu Gómez27.jpg,Papu Gómez,20
Images\Images\Group C\Argentina Players\Images_Papu Gómez\Papu Gómez38.jpg,Papu Gómez,20
Images\Images\Group C\Argentina Players\Images_Marcos Acuña\Marcos Acuña21.jpg,Marcos Acuña,16
Images\Images\Group C\Argentina Players\Images_Juan Foyth\Juan Foyth2.jpg,Juan Foyth,10
Images\Images\Group C\Argentina Players\Images_Ángel Correa\Ángel Correa48.jpg,Ángel Correa,24
Images\Images\Group C\Argentina Players\Images_Thiago Almada\Thiago Almada40.jpg,Thiago Almada,23
Images\Images\Group C\Argentina Players\Images_Lisandro Martínez\Lisandro Martínez3.jpg,Lisandro Martínez,15
Images\Images\Group C\Argentina Players\Images_Germán Pezzella\Germán Pezzella43.jpg,Germán Pezzella,6
Images\Images\Group C\Argentina Players\Images_Exequiel Palacios\Exequiel Palacios20.jpg,Exequiel Palacios,4
Images\Images\Group C\Argentina Players\Images_Nicolás Otamendi\Nicolás Otamendi9.jpg,Nicolás Otamendi,18
Images\Images\Group C\Argentina Players\Images_Leandro Paredes\Leandro Paredes39.jpg,Leandro Paredes,13
Images\Images\Group C\Argentina Players\Images_Guido Rodríguez\Guido Rodríguez37.jpg,Guido Rodríguez,9
Images\Images\Group C\Argentina Players\Images_Guido Rodríguez\Guido Rodríguez50.jpg,Guido Rodríguez,9
Images\Images\Group C\Argentina Players\Images_Ángel Di María\Ángel Di María22.jpg,Ángel Di María,25
Images\Images\Group C\Argentina Players\Images_Gerónimo Rulli\Gerónimo Rulli36.jpg,Gerónimo Rulli,7
Images\Images\Group C\Argentina Players\Images_Paulo Dybala\Paulo Dybala18.jpg,Paulo Dybala,21
Images\Images\Group C\Argentina Players\Images_Germán Pezzella\Germán Pezzella28.jpg,Germán Pezzella,6
Images\Images\Group C\Argentina Players\Images_Marcos Acuña\Marcos Acuña13.jpg,Marcos Acuña,16
Images\Images\Group C\Argentina Players\Images_Rodrigo De Paul\Rodrigo De Paul30.jpg,Rodrigo De Paul,22
Images\Images\Group C\Argentina Players\Images_Julián Álvarez\Julián Álvarez19.jpg,Julián Álvarez,11
Images\Images\Group C\Argentina Players\Images_Germán Pezzella\Germán Pezzella13.jpg,Germán Pezzella,6
Images\Images\Group C\Argentina Players\Images_Papu Gómez\Papu Gómez19.jpg,Papu Gómez,20
Images\Images\Group C\Argentina Players\Images_Julián Álvarez\Julián Álvarez15.jpg,Julián Álvarez,11
Images\Images\Group C\Argentina Players\Images_Thiago Almada\Thiago Almada26.jpg,Thiago Almada,23
Images\Images\Group C\Argentina Players\Images_Gerónimo Rulli\Gerónimo Rulli21.jpg,Gerónimo Rulli,7
Images\Images\Group C\Argentina Players\Images_Lautaro Martínez\Lautaro Martínez35.jpg,Lautaro Martínez,12
Images\Images\Group C\Argentina Players\Images_Gerónimo Rulli\Gerónimo Rulli18.jpg,Gerónimo Rulli,7
Images\Images\Group C\Argentina Players\Images_Lautaro Martínez\Lautaro Martínez9.jpg,Lautaro Martínez,12
Images\Images\Group C\Argentina Players\Images_Thiago Almada\Thiago Almada27.jpg,Thiago Almada,23
Images\Images\Group C\Argentina Players\Images_Emiliano Martínez\Emiliano Martínez30.jpg,Emiliano Martínez,2
Images\Images\Group C\Argentina Players\Images_Cristian Romero\Cristian Romero15.jpg,Cristian Romero,1
Images\Images\Group C\Argentina Players\Images_Franco Armani\Franco Armani27.jpg,Franco Armani,5
Images\Images\Group C\Argentina Players\Images_Gerónimo Rulli\Gerónimo Rulli8.jpg,Gerónimo Rulli,7
Images\Images\Group C\Argentina Players\Images_Gerónimo Rulli\Gerónimo Rulli14.jpg,Gerónimo Rulli,7
Images\Images\Group C\Argentina Players\Images_Paulo Dybala\Paulo Dybala46.jpg,Paulo Dybala,21
Images\Images\Group C\Argentina Players\Images_Lisandro Martínez\Lisandro Martínez4.jpg,Lisandro Martínez,15
Images\Images\Group C\Argentina Players\Images_Julián Álvarez\Julián Álvarez2.jpg,Julián Álvarez,11
Images\Images\Group C\Argentina Players\Images_Lionel Messi (captain)\Lionel Messi (captain)38.jpg,Lionel Messi (captain),14
Images\Images\Group C\Argentina Players\Images_Germán Pezzella\Germán Pezzella50.jpg,Germán Pezzella,6
Images\Images\Group C\Argentina Players\Images_Gonzalo Montiel\Gonzalo Montiel14.jpg,Gonzalo Montiel,8
Images\Images\Group C\Argentina Players\Images_Thiago Almada\Thiago Almada33.jpg,Thiago Almada,23
Images\Images\Group C\Argentina Players\Images_Julián Álvarez\Julián Álvarez37.jpg,Julián Álvarez,11
Images\Images\Group C\Argentina Players\Images_Ángel Correa\Ángel Correa45.jpg,Ángel Correa,24
Images\Images\Group C\Argentina Players\Images_Cristian Romero\Cristian Romero45.jpg,Cristian Romero,1
Images\Images\Group C\Argentina Players\Images_Paulo Dybala\Paulo Dybala20.jpg,Paulo Dybala,21
Images\Images\Group C\Argentina Players\Images_Nicolás Otamendi\Nicolás Otamendi40.jpg,Nicolás Otamendi,18
Images\Images\Group C\Argentina Players\Images_Enzo Fernández\Enzo Fernández30.jpg,Enzo Fernández,3
Images\Images\Group C\Argentina Players\Images_Germán Pezzella\Germán Pezzella40.jpg,Germán Pezzella,6
Images\Images\Group C\Argentina Players\Images_Nicolás Tagliafico\Nicolás Tagliafico21.jpg,Nicolás Tagliafico,19
Images\Images\Group C\Argentina Players\Images_Alexis Mac Allister\Alexis Mac Allister25.jpg,Alexis Mac Allister,0
Images\Images\Group C\Argentina Players\Images_Cristian Romero\Cristian Romero6.jpg,Cristian Romero,1
Images\Images\Group C\Argentina Players\Images_Cristian Romero\Cristian Romero21.jpg,Cristian Romero,1
Images\Images\Group C\Argentina Players\Images_Ángel Di María\Ángel Di María25.jpg,Ángel Di María,25
Images\Images\Group C\Argentina Players\Images_Lionel Messi (captain)\Lionel Messi (captain)17.jpg,Lionel Messi (captain),14
Images\Images\Group C\Argentina Players\Images_Rodrigo De Paul\Rodrigo De Paul17.jpg,Rodrigo De Paul,22
Images\Images\Group C\Argentina Players\Images_Germán Pezzella\Germán Pezzella15.jpg,Germán Pezzella,6
Images\Images\Group C\Argentina Players\Images_Leandro Paredes\Leandro Paredes22.jpg,Leandro Paredes,13
Images\Images\Group C\Argentina Players\Images_Paulo Dybala\Paulo Dybala8.jpg,Paulo Dybala,21
Images\Images\Group C\Argentina Players\Images_Marcos Acuña\Marcos Acuña6.jpg,Marcos Acuña,16
Images\Images\Group C\Argentina Players\Images_Papu Gómez\Papu Gómez9.jpg,Papu Gómez,20
Images\Images\Group C\Argentina Players\Images_Exequiel Palacios\Exequiel Palacios47.jpg,Exequiel Palacios,4
Images\Images\Group C\Argentina Players\Images_Exequiel Palacios\Exequiel Palacios23.jpg,Exequiel Palacios,4
Images\Images\Group C\Argentina Players\Images_Thiago Almada\Thiago Almada18.jpg,Thiago Almada,23
Images\Images\Group C\Argentina Players\Images_Germán Pezzella\Germán Pezzella19.jpg,Germán Pezzella,6
Images\Images\Group C\Argentina Players\Images_Alexis Mac Allister\Alexis Mac Allister6.jpg,Alexis Mac Allister,0
Images\Images\Group C\Argentina Players\Images_Guido Rodríguez\Guido Rodríguez5.jpg,Guido Rodríguez,9
Images\Images\Group C\Argentina Players\Images_Julián Álvarez\Julián Álvarez40.jpg,Julián Álvarez,11
Images\Images\Group C\Argentina Players\Images_Juan Foyth\Juan Foyth36.jpg,Juan Foyth,10
Images\Images\Group C\Argentina Players\Images_Gonzalo Montiel\Gonzalo Montiel19.jpg,Gonzalo Montiel,8
Images\Images\Group C\Argentina Players\Images_Nicolás Tagliafico\Nicolás Tagliafico8.jpg,Nicolás Tagliafico,19
Images\Images\Group C\Argentina Players\Images_Julián Álvarez\Julián Álvarez9.jpg,Julián Álvarez,11
Images\Images\Group C\Argentina Players\Images_Guido Rodríguez\Guido Rodríguez9.jpg,Guido Rodríguez,9
Images\Images\Group C\Argentina Players\Images_Cristian Romero\Cristian Romero37.jpg,Cristian Romero,1
Images\Images\Group C\Argentina Players\Images_Alexis Mac Allister\Alexis Mac Allister18.jpg,Alexis Mac Allister,0
Images\Images\Group C\Argentina Players\Images_Alexis Mac Allister\Alexis Mac Allister31.jpg,Alexis Mac Allister,0
Images\Images\Group C\Argentina Players\Images_Lisandro Martínez\Lisandro Martínez22.jpg,Lisandro Martínez,15
Images\Images\Group C\Argentina Players\Images_Exequiel Palacios\Exequiel Palacios34.jpg,Exequiel Palacios,4
Images\Images\Group C\Argentina Players\Images_Lisandro Martínez\Lisandro Martínez46.jpg,Lisandro Martínez,15
Images\Images\Group C\Argentina Players\Images_Gonzalo Montiel\Gonzalo Montiel6.jpg,Gonzalo Montiel,8
Images\Images\Group C\Argentina Players\Images_Ángel Correa\Ángel Correa13.jpg,Ángel Correa,24
Images\Images\Group C\Argentina Players\Images_Franco Armani\Franco Armani8.jpg,Franco Armani,5
Images\Images\Group C\Argentina Players\Images_Papu Gómez\Papu Gómez1.jpg,Papu Gómez,20
Images\Images\Group C\Argentina Players\Images_Emiliano Martínez\Emiliano Martínez4.jpg,Emiliano Martínez,2
Images\Images\Group C\Argentina Players\Images_Nahuel Molina\Nahuel Molina44.jpg,Nahuel Molina,17
Images\Images\Group C\Argentina Players\Images_Nicolás Tagliafico\Nicolás Tagliafico24.jpg,Nicolás Tagliafico,19
Images\Images\Group C\Argentina Players\Images_Paulo Dybala\Paulo Dybala40.jpg,Paulo Dybala,21
Images\Images\Group C\Argentina Players\Images_Enzo Fernández\Enzo Fernández7.jpg,Enzo Fernández,3
Images\Images\Group C\Argentina Players\Images_Julián Álvarez\Julián Álvarez33.jpg,Julián Álvarez,11
Images\Images\Group C\Argentina Players\Images_Lionel Messi (captain)\Lionel Messi (captain)13.jpg,Lionel Messi (captain),14
Images\Images\Group C\Argentina Players\Images_Papu Gómez\Papu Gómez33.jpg,Papu Gómez,20
Images\Images\Group C\Argentina Players\Images_Lionel Messi (captain)\Lionel Messi (captain)35.jpg,Lionel Messi (captain),14
Images\Images\Group C\Argentina Players\Images_Emiliano Martínez\Emiliano Martínez32.jpg,Emiliano Martínez,2
Images\Images\Group C\Argentina Players\Images_Guido Rodríguez\Guido Rodríguez31.jpg,Guido Rodríguez,9
Images\Images\Group C\Argentina Players\Images_Nicolás Tagliafico\Nicolás Tagliafico30.jpg,Nicolás Tagliafico,19
Images\Images\Group C\Argentina Players\Images_Juan Foyth\Juan Foyth40.jpg,Juan Foyth,10
Images\Images\Group C\Argentina Players\Images_Lautaro Martínez\Lautaro Martínez15.jpg,Lautaro Martínez,12
Images\Images\Group C\Argentina Players\Images_Thiago Almada\Thiago Almada23.jpg,Thiago Almada,23
Images\Images\Group C\Argentina Players\Images_Alexis Mac Allister\Alexis Mac Allister27.jpg,Alexis Mac Allister,0
Images\Images\Group C\Argentina Players\Images_Rodrigo De Paul\Rodrigo De Paul47.jpg,Rodrigo De Paul,22
Images\Images\Group C\Argentina Players\Images_Exequiel Palacios\Exequiel Palacios11.jpg,Exequiel Palacios,4
Images\Images\Group C\Argentina Players\Images_Gonzalo Montiel\Gonzalo Montiel35.jpg,Gonzalo Montiel,8
Images\Images\Group C\Argentina Players\Images_Paulo Dybala\Paulo Dybala13.jpg,Paulo Dybala,21
Images\Images\Group C\Argentina Players\Images_Guido Rodríguez\Guido Rodríguez16.jpg,Guido Rodríguez,9
Images\Images\Group C\Argentina Players\Images_Thiago Almada\Thiago Almada21.jpg,Thiago Almada,23
Images\Images\Group C\Argentina Players\Images_Gonzalo Montiel\Gonzalo Montiel47.jpg,Gonzalo Montiel,8
Images\Images\Group C\Argentina Players\Images_Lautaro Martínez\Lautaro Martínez17.jpg,Lautaro Martínez,12
Images\Images\Group C\Argentina Players\Images_Nicolás Tagliafico\Nicolás Tagliafico7.jpg,Nicolás Tagliafico,19
Images\Images\Group C\Argentina Players\Images_Alexis Mac Allister\Alexis Mac Allister37.jpg,Alexis Mac Allister,0
Images\Images\Group C\Argentina Players\Images_Enzo Fernández\Enzo Fernández33.jpg,Enzo Fernández,3
Images\Images\Group C\Argentina Players\Images_Gerónimo Rulli\Gerónimo Rulli41.jpg,Gerónimo Rulli,7
Images\Images\Group C\Argentina Players\Images_Nicolás Tagliafico\Nicolás Tagliafico23.jpg,Nicolás Tagliafico,19
Images\Images\Group C\Argentina Players\Images_Cristian Romero\Cristian Romero50.jpg,Cristian Romero,1
Images\Images\Group C\Argentina Players\Images_Marcos Acuña\Marcos Acuña32.jpg,Marcos Acuña,16
Images\Images\Group C\Argentina Players\Images_Lisandro Martínez\Lisandro Martínez26.jpg,Lisandro Martínez,15
Images\Images\Group C\Argentina Players\Images_Exequiel Palacios\Exequiel Palacios19.jpg,Exequiel Palacios,4
Images\Images\Group C\Argentina Players\Images_Germán Pezzella\Germán Pezzella9.jpg,Germán Pezzella,6
Images\Images\Group C\Argentina Players\Images_Enzo Fernández\Enzo Fernández24.jpg,Enzo Fernández,3
Images\Images\Group C\Argentina Players\Images_Germán Pezzella\Germán Pezzella17.jpg,Germán Pezzella,6
Images\Images\Group C\Argentina Players\Images_Paulo Dybala\Paulo Dybala37.jpg,Paulo Dybala,21
Images\Images\Group C\Argentina Players\Images_Juan Foyth\Juan Foyth28.jpg,Juan Foyth,10
Images\Images\Group C\Argentina Players\Images_Leandro Paredes\Leandro Paredes20.jpg,Leandro Paredes,13
Images\Images\Group C\Argentina Players\Images_Alexis Mac Allister\Alexis Mac Allister14.jpg,Alexis Mac Allister,0
Images\Images\Group C\Argentina Players\Images_Lautaro Martínez\Lautaro Martínez32.jpg,Lautaro Martínez,12
Images\Images\Group C\Argentina Players\Images_Guido Rodríguez\Guido Rodríguez33.jpg,Guido Rodríguez,9
Images\Images\Group C\Argentina Players\Images_Marcos Acuña\Marcos Acuña24.jpg,Marcos Acuña,16
Images\Images\Group C\Argentina Players\Images_Paulo Dybala\Paulo Dybala44.jpg,Paulo Dybala,21
Images\Images\Group C\Argentina Players\Images_Germán Pezzella\Germán Pezzella8.jpg,Germán Pezzella,6
Images\Images\Group C\Argentina Players\Images_Marcos Acuña\Marcos Acuña48.jpg,Marcos Acuña,16
Images\Images\Group C\Argentina Players\Images_Rodrigo De Paul\Rodrigo De Paul38.jpg,Rodrigo De Paul,22
Images\Images\Group C\Argentina Players\Images_Franco Armani\Franco Armani41.jpg,Franco Armani,5
Images\Images\Group C\Argentina Players\Images_Nicolás Otamendi\Nicolás Otamendi50.jpg,Nicolás Otamendi,18
Images\Images\Group C\Argentina Players\Images_Nicolás Tagliafico\Nicolás Tagliafico14.jpg,Nicolás Tagliafico,19
Images\Images\Group C\Argentina Players\Images_Enzo Fernández\Enzo Fernández34.jpg,Enzo Fernández,3
Images\Images\Group C\Argentina Players\Images_Exequiel Palacios\Exequiel Palacios32.jpg,Exequiel Palacios,4
Images\Images\Group C\Argentina Players\Images_Lautaro Martínez\Lautaro Martínez16.jpg,Lautaro Martínez,12
Images\Images\Group C\Argentina Players\Images_Paulo Dybala\Paulo Dybala50.jpg,Paulo Dybala,21
Images\Images\Group C\Argentina Players\Images_Nicolás Tagliafico\Nicolás Tagliafico43.jpg,Nicolás Tagliafico,19
Images\Images\Group C\Argentina Players\Images_Enzo Fernández\Enzo Fernández43.jpg,Enzo Fernández,3
Images\Images\Group C\Argentina Players\Images_Ángel Correa\Ángel Correa3.jpg,Ángel Correa,24
Images\Images\Group C\Argentina Players\Images_Rodrigo De Paul\Rodrigo De Paul40.jpg,Rodrigo De Paul,22
Images\Images\Group C\Argentina Players\Images_Emiliano Martínez\Emiliano Martínez5.jpg,Emiliano Martínez,2
Images\Images\Group C\Argentina Players\Images_Guido Rodríguez\Guido Rodríguez20.jpg,Guido Rodríguez,9
Images\Images\Group C\Argentina Players\Images_Guido Rodríguez\Guido Rodríguez21.jpg,Guido Rodríguez,9
Images\Images\Group C\Argentina Players\Images_Juan Foyth\Juan Foyth50.jpg,Juan Foyth,10
Images\Images\Group C\Argentina Players\Images_Emiliano Martínez\Emiliano Martínez12.jpg,Emiliano Martínez,2
Images\Images\Group C\Argentina Players\Images_Leandro Paredes\Leandro Paredes29.jpg,Leandro Paredes,13
Images\Images\Group C\Argentina Players\Images_Juan Foyth\Juan Foyth1.jpg,Juan Foyth,10
Images\Images\Group C\Argentina Players\Images_Nicolás Otamendi\Nicolás Otamendi5.jpg,Nicolás Otamendi,18
Images\Images\Group C\Argentina Players\Images_Leandro Paredes\Leandro Paredes47.jpg,Leandro Paredes,13
Images\Images\Group C\Argentina Players\Images_Juan Foyth\Juan Foyth38.jpg,Juan Foyth,10
Images\Images\Group C\Argentina Players\Images_Paulo Dybala\Paulo Dybala45.jpg,Paulo Dybala,21
Images\Images\Group C\Argentina Players\Images_Leandro Paredes\Leandro Paredes24.jpg,Leandro Paredes,13
Images\Images\Group C\Argentina Players\Images_Alexis Mac Allister\Alexis Mac Allister21.jpg,Alexis Mac Allister,0
Images\Images\Group C\Argentina Players\Images_Lionel Messi (captain)\Lionel Messi (captain)34.jpg,Lionel Messi (captain),14
Images\Images\Group C\Argentina Players\Images_Ángel Correa\Ángel Correa22.jpg,Ángel Correa,24
Images\Images\Group C\Argentina Players\Images_Gerónimo Rulli\Gerónimo Rulli15.jpg,Gerónimo Rulli,7
Images\Images\Group C\Argentina Players\Images_Rodrigo De Paul\Rodrigo De Paul41.jpg,Rodrigo De Paul,22
Images\Images\Group C\Argentina Players\Images_Nicolás Tagliafico\Nicolás Tagliafico36.jpg,Nicolás Tagliafico,19
Images\Images\Group C\Argentina Players\Images_Enzo Fernández\Enzo Fernández48.jpg,Enzo Fernández,3
Images\Images\Group C\Argentina Players\Images_Lisandro Martínez\Lisandro Martínez40.jpg,Lisandro Martínez,15
Images\Images\Group C\Argentina Players\Images_Germán Pezzella\Germán Pezzella5.jpg,Germán Pezzella,6
Images\Images\Group C\Argentina Players\Images_Lisandro Martínez\Lisandro Martínez45.jpg,Lisandro Martínez,15
Images\Images\Group C\Argentina Players\Images_Nicolás Otamendi\Nicolás Otamendi26.jpg,Nicolás Otamendi,18
Images\Images\Group C\Argentina Players\Images_Julián Álvarez\Julián Álvarez45.jpg,Julián Álvarez,11
Images\Images\Group C\Argentina Players\Images_Julián Álvarez\Julián Álvarez3.jpg,Julián Álvarez,11
Images\Images\Group C\Argentina Players\Images_Franco Armani\Franco Armani38.jpg,Franco Armani,5
Images\Images\Group C\Argentina Players\Images_Lionel Messi (captain)\Lionel Messi (captain)12.jpg,Lionel Messi (captain),14
Images\Images\Group C\Argentina Players\Images_Emiliano Martínez\Emiliano Martínez37.jpg,Emiliano Martínez,2
Images\Images\Group C\Argentina Players\Images_Nahuel Molina\Nahuel Molina49.jpg,Nahuel Molina,17
Images\Images\Group C\Argentina Players\Images_Juan Foyth\Juan Foyth18.jpg,Juan Foyth,10
Images\Images\Group C\Argentina Players\Images_Lisandro Martínez\Lisandro Martínez9.jpg,Lisandro Martínez,15
Images\Images\Group C\Argentina Players\Images_Ángel Di María\Ángel Di María42.jpg,Ángel Di María,25
Images\Images\Group C\Argentina Players\Images_Leandro Paredes\Leandro Paredes42.jpg,Leandro Paredes,13
Images\Images\Group C\Argentina Players\Images_Papu Gómez\Papu Gómez28.jpg,Papu Gómez,20
Images\Images\Group C\Argentina Players\Images_Germán Pezzella\Germán Pezzella41.jpg,Germán Pezzella,6
Images\Images\Group C\Argentina Players\Images_Guido Rodríguez\Guido Rodríguez14.jpg,Guido Rodríguez,9
Images\Images\Group C\Argentina Players\Images_Exequiel Palacios\Exequiel Palacios13.jpg,Exequiel Palacios,4
Images\Images\Group C\Argentina Players\Images_Exequiel Palacios\Exequiel Palacios45.jpg,Exequiel Palacios,4
Images\Images\Group C\Argentina Players\Images_Gerónimo Rulli\Gerónimo Rulli26.jpg,Gerónimo Rulli,7
Images\Images\Group C\Argentina Players\Images_Gerónimo Rulli\Gerónimo Rulli40.jpg,Gerónimo Rulli,7
Images\Images\Group C\Argentina Players\Images_Rodrigo De Paul\Rodrigo De Paul50.jpg,Rodrigo De Paul,22
Images\Images\Group C\Argentina Players\Images_Ángel Di María\Ángel Di María49.jpg,Ángel Di María,25
Images\Images\Group C\Argentina Players\Images_Paulo Dybala\Paulo Dybala2.jpg,Paulo Dybala,21
Images\Images\Group C\Argentina Players\Images_Alexis Mac Allister\Alexis Mac Allister26.jpg,Alexis Mac Allister,0
Images\Images\Group C\Argentina Players\Images_Alexis Mac Allister\Alexis Mac Allister19.jpg,Alexis Mac Allister,0
Images\Images\Group C\Argentina Players\Images_Nahuel Molina\Nahuel Molina9.jpg,Nahuel Molina,17
Images\Images\Group C\Argentina Players\Images_Franco Armani\Franco Armani14.jpg,Franco Armani,5
Images\Images\Group C\Argentina Players\Images_Julián Álvarez\Julián Álvarez48.jpg,Julián Álvarez,11
Images\Images\Group C\Argentina Players\Images_Nicolás Tagliafico\Nicolás Tagliafico41.jpg,Nicolás Tagliafico,19
Images\Images\Group C\Argentina Players\Images_Nahuel Molina\Nahuel Molina1.jpg,Nahuel Molina,17
Images\Images\Group C\Argentina Players\Images_Lautaro Martínez\Lautaro Martínez31.jpg,Lautaro Martínez,12
Images\Images\Group C\Argentina Players\Images_Paulo Dybala\Paulo Dybala32.jpg,Paulo Dybala,21
Images\Images\Group C\Argentina Players\Images_Germán Pezzella\Germán Pezzella14.jpg,Germán Pezzella,6
Images\Images\Group C\Argentina Players\Images_Cristian Romero\Cristian Romero14.jpg,Cristian Romero,1
Images\Images\Group C\Argentina Players\Images_Leandro Paredes\Leandro Paredes28.jpg,Leandro Paredes,13
Images\Images\Group C\Argentina Players\Images_Gonzalo Montiel\Gonzalo Montiel27.jpg,Gonzalo Montiel,8
Images\Images\Group C\Argentina Players\Images_Nicolás Otamendi\Nicolás Otamendi4.jpg,Nicolás Otamendi,18
Images\Images\Group C\Argentina Players\Images_Ángel Di María\Ángel Di María23.jpg,Ángel Di María,25
Images\Images\Group C\Argentina Players\Images_Nahuel Molina\Nahuel Molina27.jpg,Nahuel Molina,17
Images\Images\Group C\Argentina Players\Images_Gonzalo Montiel\Gonzalo Montiel5.jpg,Gonzalo Montiel,8
Images\Images\Group C\Argentina Players\Images_Ángel Correa\Ángel Correa12.jpg,Ángel Correa,24
Images\Images\Group C\Argentina Players\Images_Rodrigo De Paul\Rodrigo De Paul18.jpg,Rodrigo De Paul,22
Images\Images\Group C\Argentina Players\Images_Guido Rodríguez\Guido Rodríguez29.jpg,Guido Rodríguez,9
Images\Images\Group C\Argentina Players\Images_Juan Foyth\Juan Foyth17.jpg,Juan Foyth,10
Images\Images\Group C\Argentina Players\Images_Leandro Paredes\Leandro Paredes21.jpg,Leandro Paredes,13
Images\Images\Group C\Argentina Players\Images_Paulo Dybala\Paulo Dybala34.jpg,Paulo Dybala,21
Images\Images\Group C\Argentina Players\Images_Lionel Messi (captain)\Lionel Messi (captain)4.jpg,Lionel Messi (captain),14
Images\Images\Group C\Argentina Players\Images_Gerónimo Rulli\Gerónimo Rulli32.jpg,Gerónimo Rulli,7
Images\Images\Group C\Argentina Players\Images_Thiago Almada\Thiago Almada32.jpg,Thiago Almada,23
Images\Images\Group C\Argentina Players\Images_Nicolás Tagliafico\Nicolás Tagliafico27.jpg,Nicolás Tagliafico,19
Images\Images\Group C\Argentina Players\Images_Lionel Messi (captain)\Lionel Messi (captain)1.jpg,Lionel Messi (captain),14
Images\Images\Group C\Argentina Players\Images_Thiago Almada\Thiago Almada19.jpg,Thiago Almada,23
Images\Images\Group C\Argentina Players\Images_Germán Pezzella\Germán Pezzella23.jpg,Germán Pezzella,6
Images\Images\Group C\Argentina Players\Images_Paulo Dybala\Paulo Dybala7.jpg,Paulo Dybala,21
Images\Images\Group C\Argentina Players\Images_Lionel Messi (captain)\Lionel Messi (captain)42.jpg,Lionel Messi (captain),14
Images\Images\Group C\Argentina Players\Images_Enzo Fernández\Enzo Fernández29.jpg,Enzo Fernández,3
Images\Images\Group C\Argentina Players\Images_Emiliano Martínez\Emiliano Martínez24.jpg,Emiliano Martínez,2
Images\Images\Group C\Argentina Players\Images_Nicolás Tagliafico\Nicolás Tagliafico18.jpg,Nicolás Tagliafico,19
Images\Images\Group C\Argentina Players\Images_Germán Pezzella\Germán Pezzella7.jpg,Germán Pezzella,6
Images\Images\Group C\Argentina Players\Images_Emiliano Martínez\Emiliano Martínez50.jpg,Emiliano Martínez,2
Images\Images\Group C\Argentina Players\Images_Julián Álvarez\Julián Álvarez46.jpg,Julián Álvarez,11
Images\Images\Group C\Argentina Players\Images_Gerónimo Rulli\Gerónimo Rulli27.jpg,Gerónimo Rulli,7
Images\Images\Group C\Argentina Players\Images_Germán Pezzella\Germán Pezzella37.jpg,Germán Pezzella,6
Images\Images\Group C\Argentina Players\Images_Papu Gómez\Papu Gómez36.jpg,Papu Gómez,20
Images\Images\Group C\Argentina Players\Images_Gerónimo Rulli\Gerónimo Rulli7.jpg,Gerónimo Rulli,7
Images\Images\Group C\Argentina Players\Images_Cristian Romero\Cristian Romero10.jpg,Cristian Romero,1
Images\Images\Group C\Argentina Players\Images_Rodrigo De Paul\Rodrigo De Paul4.jpg,Rodrigo De Paul,22
Images\Images\Group C\Argentina Players\Images_Ángel Correa\Ángel Correa47.jpg,Ángel Correa,24
Images\Images\Group C\Argentina Players\Images_Lionel Messi (captain)\Lionel Messi (captain)2.jpg,Lionel Messi (captain),14
Images\Images\Group C\Argentina Players\Images_Nahuel Molina\Nahuel Molina43.jpg,Nahuel Molina,17
Images\Images\Group C\Argentina Players\Images_Nicolás Tagliafico\Nicolás Tagliafico47.jpg,Nicolás Tagliafico,19
Images\Images\Group C\Argentina Players\Images_Rodrigo De Paul\Rodrigo De Paul36.jpg,Rodrigo De Paul,22
Images\Images\Group C\Argentina Players\Images_Lisandro Martínez\Lisandro Martínez29.jpg,Lisandro Martínez,15
Images\Images\Group C\Argentina Players\Images_Enzo Fernández\Enzo Fernández42.jpg,Enzo Fernández,3
Images\Images\Group C\Argentina Players\Images_Guido Rodríguez\Guido Rodríguez1.jpg,Guido Rodríguez,9
Images\Images\Group C\Argentina Players\Images_Exequiel Palacios\Exequiel Palacios9.jpg,Exequiel Palacios,4
Images\Images\Group C\Argentina Players\Images_Lautaro Martínez\Lautaro Martínez12.jpg,Lautaro Martínez,12
Images\Images\Group C\Argentina Players\Images_Nahuel Molina\Nahuel Molina40.jpg,Nahuel Molina,17
Images\Images\Group C\Argentina Players\Images_Gonzalo Montiel\Gonzalo Montiel16.jpg,Gonzalo Montiel,8
Images\Images\Group C\Argentina Players\Images_Franco Armani\Franco Armani4.jpg,Franco Armani,5
Images\Images\Group C\Argentina Players\Images_Lautaro Martínez\Lautaro Martínez2.jpg,Lautaro Martínez,12
Images\Images\Group C\Argentina Players\Images_Nahuel Molina\Nahuel Molina26.jpg,Nahuel Molina,17
Images\Images\Group C\Argentina Players\Images_Lisandro Martínez\Lisandro Martínez19.jpg,Lisandro Martínez,15
Images\Images\Group C\Argentina Players\Images_Alexis Mac Allister\Alexis Mac Allister8.jpg,Alexis Mac Allister,0
Images\Images\Group C\Argentina Players\Images_Gerónimo Rulli\Gerónimo Rulli25.jpg,Gerónimo Rulli,7
Images\Images\Group C\Argentina Players\Images_Ángel Correa\Ángel Correa21.jpg,Ángel Correa,24
Images\Images\Group C\Argentina Players\Images_Rodrigo De Paul\Rodrigo De Paul3.jpg,Rodrigo De Paul,22
Images\Images\Group C\Argentina Players\Images_Marcos Acuña\Marcos Acuña26.jpg,Marcos Acuña,16
Images\Images\Group C\Argentina Players\Images_Marcos Acuña\Marcos Acuña38.jpg,Marcos Acuña,16
Images\Images\Group C\Argentina Players\Images_Lautaro Martínez\Lautaro Martínez18.jpg,Lautaro Martínez,12
Images\Images\Group C\Argentina Players\Images_Ángel Di María\Ángel Di María43.jpg,Ángel Di María,25
Images\Images\Group C\Argentina Players\Images_Nicolás Otamendi\Nicolás Otamendi2.jpg,Nicolás Otamendi,18
Images\Images\Group C\Argentina Players\Images_Cristian Romero\Cristian Romero42.jpg,Cristian Romero,1
Images\Images\Group C\Argentina Players\Images_Emiliano Martínez\Emiliano Martínez26.jpg,Emiliano Martínez,2
Images\Images\Group C\Argentina Players\Images_Lisandro Martínez\Lisandro Martínez11.jpg,Lisandro Martínez,15
Images\Images\Group C\Argentina Players\Images_Exequiel Palacios\Exequiel Palacios24.jpg,Exequiel Palacios,4
Images\Images\Group C\Argentina Players\Images_Franco Armani\Franco Armani34.jpg,Franco Armani,5
Images\Images\Group C\Argentina Players\Images_Franco Armani\Franco Armani44.jpg,Franco Armani,5
Images\Images\Group C\Argentina Players\Images_Thiago Almada\Thiago Almada31.jpg,Thiago Almada,23
Images\Images\Group C\Argentina Players\Images_Lionel Messi (captain)\Lionel Messi (captain)9.jpg,Lionel Messi (captain),14
Images\Images\Group C\Argentina Players\Images_Nicolás Otamendi\Nicolás Otamendi42.jpg,Nicolás Otamendi,18
Images\Images\Group C\Argentina Players\Images_Gonzalo Montiel\Gonzalo Montiel25.jpg,Gonzalo Montiel,8
Images\Images\Group C\Argentina Players\Images_Franco Armani\Franco Armani2.jpg,Franco Armani,5
Images\Images\Group C\Argentina Players\Images_Gonzalo Montiel\Gonzalo Montiel42.jpg,Gonzalo Montiel,8
Images\Images\Group C\Argentina Players\Images_Marcos Acuña\Marcos Acuña10.jpg,Marcos Acuña,16
Images\Images\Group C\Argentina Players\Images_Lionel Messi (captain)\Lionel Messi (captain)11.jpg,Lionel Messi (captain),14
Images\Images\Group C\Argentina Players\Images_Lautaro Martínez\Lautaro Martínez19.jpg,Lautaro Martínez,12
Images\Images\Group C\Argentina Players\Images_Lionel Messi (captain)\Lionel Messi (captain)33.jpg,Lionel Messi (captain),14
Images\Images\Group C\Argentina Players\Images_Ángel Di María\Ángel Di María28.jpg,Ángel Di María,25
Images\Images\Group C\Argentina Players\Images_Franco Armani\Franco Armani31.jpg,Franco Armani,5
Images\Images\Group C\Argentina Players\Images_Ángel Correa\Ángel Correa18.jpg,Ángel Correa,24
Images\Images\Group C\Argentina Players\Images_Ángel Correa\Ángel Correa20.jpg,Ángel Correa,24
Images\Images\Group C\Argentina Players\Images_Alexis Mac Allister\Alexis Mac Allister16.jpg,Alexis Mac Allister,0
Images\Images\Group C\Argentina Players\Images_Emiliano Martínez\Emiliano Martínez13.jpg,Emiliano Martínez,2
Images\Images\Group C\Argentina Players\Images_Julián Álvarez\Julián Álvarez18.jpg,Julián Álvarez,11
Images\Images\Group C\Argentina Players\Images_Lautaro Martínez\Lautaro Martínez36.jpg,Lautaro Martínez,12
Images\Images\Group C\Argentina Players\Images_Exequiel Palacios\Exequiel Palacios37.jpg,Exequiel Palacios,4
Images\Images\Group C\Argentina Players\Images_Ángel Correa\Ángel Correa28.jpg,Ángel Correa,24
Images\Images\Group C\Argentina Players\Images_Franco Armani\Franco Armani24.jpg,Franco Armani,5
Images\Images\Group C\Argentina Players\Images_Leandro Paredes\Leandro Paredes31.jpg,Leandro Paredes,13
Images\Images\Group C\Argentina Players\Images_Cristian Romero\Cristian Romero5.jpg,Cristian Romero,1
Images\Images\Group C\Argentina Players\Images_Thiago Almada\Thiago Almada7.jpg,Thiago Almada,23
Images\Images\Group C\Argentina Players\Images_Juan Foyth\Juan Foyth30.jpg,Juan Foyth,10
Images\Images\Group C\Argentina Players\Images_Ángel Correa\Ángel Correa41.jpg,Ángel Correa,24
Images\Images\Group C\Argentina Players\Images_Ángel Di María\Ángel Di María41.jpg,Ángel Di María,25
Images\Images\Group C\Argentina Players\Images_Gonzalo Montiel\Gonzalo Montiel46.jpg,Gonzalo Montiel,8
Images\Images\Group C\Argentina Players\Images_Guido Rodríguez\Guido Rodríguez6.jpg,Guido Rodríguez,9
Images\Images\Group C\Argentina Players\Images_Germán Pezzella\Germán Pezzella22.jpg,Germán Pezzella,6
Images\Images\Group C\Argentina Players\Images_Exequiel Palacios\Exequiel Palacios16.jpg,Exequiel Palacios,4
Images\Images\Group C\Argentina Players\Images_Paulo Dybala\Paulo Dybala3.jpg,Paulo Dybala,21
Images\Images\Group C\Argentina Players\Images_Paulo Dybala\Paulo Dybala17.jpg,Paulo Dybala,21
Images\Images\Group C\Argentina Players\Images_Gonzalo Montiel\Gonzalo Montiel31.jpg,Gonzalo Montiel,8
Images\Images\Group C\Argentina Players\Images_Juan Foyth\Juan Foyth34.jpg,Juan Foyth,10
Images\Images\Group C\Argentina Players\Images_Ángel Correa\Ángel Correa35.jpg,Ángel Correa,24
Images\Images\Group C\Argentina Players\Images_Marcos Acuña\Marcos Acuña30.jpg,Marcos Acuña,16
Images\Images\Group C\Argentina Players\Images_Exequiel Palacios\Exequiel Palacios25.jpg,Exequiel Palacios,4
Images\Images\Group C\Argentina Players\Images_Nicolás Otamendi\Nicolás Otamendi46.jpg,Nicolás Otamendi,18
Images\Images\Group C\Argentina Players\Images_Rodrigo De Paul\Rodrigo De Paul1.jpg,Rodrigo De Paul,22
Images\Images\Group C\Argentina Players\Images_Germán Pezzella\Germán Pezzella36.jpg,Germán Pezzella,6
Images\Images\Group C\Argentina Players\Images_Nahuel Molina\Nahuel Molina7.jpg,Nahuel Molina,17
Images\Images\Group C\Argentina Players\Images_Guido Rodríguez\Guido Rodríguez2.jpg,Guido Rodríguez,9
Images\Images\Group C\Argentina Players\Images_Nicolás Tagliafico\Nicolás Tagliafico50.jpg,Nicolás Tagliafico,19
Images\Images\Group C\Argentina Players\Images_Julián Álvarez\Julián Álvarez38.jpg,Julián Álvarez,11
Images\Images\Group C\Argentina Players\Images_Alexis Mac Allister\Alexis Mac Allister3.jpg,Alexis Mac Allister,0
Images\Images\Group C\Argentina Players\Images_Papu Gómez\Papu Gómez18.jpg,Papu Gómez,20
Images\Images\Group C\Argentina Players\Images_Nicolás Otamendi\Nicolás Otamendi22.jpg,Nicolás Otamendi,18
Images\Images\Group C\Argentina Players\Images_Rodrigo De Paul\Rodrigo De Paul15.jpg,Rodrigo De Paul,22
Images\Images\Group C\Argentina Players\Images_Gerónimo Rulli\Gerónimo Rulli29.jpg,Gerónimo Rulli,7
Images\Images\Group C\Argentina Players\Images_Marcos Acuña\Marcos Acuña29.jpg,Marcos Acuña,16
Images\Images\Group C\Argentina Players\Images_Thiago Almada\Thiago Almada44.jpg,Thiago Almada,23
Images\Images\Group C\Argentina Players\Images_Gonzalo Montiel\Gonzalo Montiel20.jpg,Gonzalo Montiel,8
Images\Images\Group C\Argentina Players\Images_Cristian Romero\Cristian Romero33.jpg,Cristian Romero,1
Images\Images\Group C\Argentina Players\Images_Exequiel Palacios\Exequiel Palacios12.jpg,Exequiel Palacios,4
Images\Images\Group C\Argentina Players\Images_Papu Gómez\Papu Gómez17.jpg,Papu Gómez,20
Images\Images\Group C\Argentina Players\Images_Guido Rodríguez\Guido Rodríguez40.jpg,Guido Rodríguez,9
Images\Images\Group C\Argentina Players\Images_Germán Pezzella\Germán Pezzella45.jpg,Germán Pezzella,6
Images\Images\Group C\Argentina Players\Images_Franco Armani\Franco Armani45.jpg,Franco Armani,5
Images\Images\Group C\Argentina Players\Images_Thiago Almada\Thiago Almada10.jpg,Thiago Almada,23
Images\Images\Group C\Argentina Players\Images_Alexis Mac Allister\Alexis Mac Allister1.jpg,Alexis Mac Allister,0
Images\Images\Group C\Argentina Players\Images_Nahuel Molina\Nahuel Molina10.jpg,Nahuel Molina,17
Images\Images\Group C\Argentina Players\Images_Paulo Dybala\Paulo Dybala11.jpg,Paulo Dybala,21
Images\Images\Group C\Argentina Players\Images_Ángel Di María\Ángel Di María13.jpg,Ángel Di María,25
Images\Images\Group C\Argentina Players\Images_Lautaro Martínez\Lautaro Martínez21.jpg,Lautaro Martínez,12
Images\Images\Group C\Argentina Players\Images_Lautaro Martínez\Lautaro Martínez22.jpg,Lautaro Martínez,12
Images\Images\Group C\Argentina Players\Images_Marcos Acuña\Marcos Acuña14.jpg,Marcos Acuña,16
Images\Images\Group C\Argentina Players\Images_Enzo Fernández\Enzo Fernández5.jpg,Enzo Fernández,3
Images\Images\Group C\Argentina Players\Images_Cristian Romero\Cristian Romero40.jpg,Cristian Romero,1
Images\Images\Group C\Argentina Players\Images_Ángel Correa\Ángel Correa38.jpg,Ángel Correa,24
Images\Images\Group C\Argentina Players\Images_Franco Armani\Franco Armani18.jpg,Franco Armani,5
Images\Images\Group C\Argentina Players\Images_Thiago Almada\Thiago Almada6.jpg,Thiago Almada,23
Images\Images\Group C\Argentina Players\Images_Marcos Acuña\Marcos Acuña45.jpg,Marcos Acuña,16
Images\Images\Group C\Argentina Players\Images_Enzo Fernández\Enzo Fernández13.jpg,Enzo Fernández,3
Images\Images\Group C\Argentina Players\Images_Lisandro Martínez\Lisandro Martínez2.jpg,Lisandro Martínez,15
